1,"Participant 5","Consistant","Target 1 Raw Latency",1778,1451,2730,1919,1545,2902,1841,3385,3167,1310,1404,2683,1778,1482,1544,2683,1404,1623,1092,2855,1045,2059,2060,2199,2169,1342,1607,1046,1185,1545,2075,1716
1,"Participant 5","Consistant","Target 2 Raw Latency",1451,2028,1997,1216,1497,2121,1747,1591,1217,1201,1232,1653,1030,1982,1279,1716,2044,1794,3323,2169,1903,2293,5429,1529,1482,998,1544,1607,1217,1263,1638,3183
1,"Participant 5","Consistant","Target 3 Raw Latency",2371,1560,1202,3276,1202,2199,2106,4930,1248,2355,2511,2839,1357,2215,1810,1233,1076,1919,2309,1388,1498,1763,2684,2948,1591,1389,2621,1419,2184,1716,2262,1232
1,"Participant 5","Consistant","Target 4 Raw Latency",3291,1778,3822,1436,1264,1887,3416,2574,1108,2543,1544,2496,2901,1700,1232,1451,2075,1357,2746,1607,1420,1123,1825,2792,952,1482,1966,1341,2465,1108,2200,1857
1,"Participant 5","Consistant","Target 5 Raw Latency",2964,2964,1248,3479,1419,1778,1747,2481,1076,1451,2262,1700,1856,1529,2792,1404,967,2247,2153,1684,1856,1341,1388,5413,874,1076,1872,1825,1373,1669,1186,2527
1,"Participant 5","Consistant","Target 6 Raw Latency",1716,1279,1607,2075,3479,1170,1810,1342,1029,1747,2792,1092,1154,3120,1124,2106,1107,5757,1389,1623,873,1498,1061,1263,2355,1528,1529,1420,1404,1919,1435,2106
1,"Participant 5","Consistant","Target 7 Raw Latency",0,0,0,0,0,0,0,0,0,0,0,0,0,0,0,0,0,0,0,0,0,0,0,0,0,0,0,0,0,0,0,0
1,"Participant 5","Consistant","Target 8 Raw Latency",0,0,0,0,0,0,0,0,0,0,0,0,0,0,0,0,0,0,0,0,0,0,0,0,0,0,0,0,0,0,0,0
1,"Participant 5","Consistant","Target 9 Raw Latency",0,0,0,0,0,0,0,0,0,0,0,0,0,0,0,0,0,0,0,0,0,0,0,0,0,0,0,0,0,0,0,0
1,"Participant 5","Consistant","Target 10 Raw Latency",0,0,0,0,0,0,0,0,0,0,0,0,0,0,0,0,0,0,0,0,0,0,0,0,0,0,0,0,0,0,0,0
1,"Participant 5","Consistant","Target 11 Raw Latency",0,0,0,0,0,0,0,0,0,0,0,0,0,0,0,0,0,0,0,0,0,0,0,0,0,0,0,0,0,0,0,0
1,"Participant 5","Consistant","Target 12 Raw Latency",0,0,0,0,0,0,0,0,0,0,0,0,0,0,0,0,0,0,0,0,0,0,0,0,0,0,0,0,0,0,0,0
1,"Participant 5","Consistant","Target 1 Accuracy","Correct","Correct","Correct",,"Correct","Correct","Correct",,"Correct","Correct","Correct",,"Correct","Correct","Correct",,,"Correct","Correct","Correct","Correct",,"Correct",,"Correct","Correct","Correct",,"Correct","Correct","Wrong",
1,"Participant 5","Consistant","Target 2 Accuracy","Correct","Correct","Correct",,"Correct",,,"Correct",,"Correct","Correct",,"Correct","Correct","Correct",,"Correct","Correct","Correct","Correct","Correct","Correct","Correct",,"Correct","Correct","Correct",,"Correct",,,"Correct"
1,"Participant 5","Consistant","Target 3 Accuracy","Correct","Correct",,"Correct",,"Correct","Correct","Correct",,"Correct","Correct","Correct",,"Correct",,"Correct","Correct",,,,"Correct",,"Correct","Correct","Correct","Correct",,"Correct",,"Correct","Correct","Correct"
1,"Participant 5","Consistant","Target 4 Accuracy","Correct",,"Correct","Correct","Correct",,"Correct","Correct","Correct","Correct","Wrong","Correct",,"Correct",,"Correct",,"Correct","Correct","Correct","Wrong","Correct",,"Correct","Correct",,"Correct","Correct","Correct",,"Correct","Correct"
1,"Participant 5","Consistant","Target 5 Accuracy","Correct","Correct",,"Correct","Correct","Correct","Correct",,"Correct",,,"Correct","Correct","Correct",,,"Correct","Correct","Correct","Correct","Correct","Correct",,,"Correct","Correct",,"Correct","Correct","Correct","Wrong",
1,"Participant 5","Consistant","Target 6 Accuracy",,,"Correct","Correct",,"Correct","Correct","Correct","Correct","Correct","Correct",,"Correct",,"Correct","Correct",,"Correct","Correct","Correct",,,"Correct","Correct",,,"Correct","Correct",,"Correct","Correct","Correct"
1,"Participant 5","Consistant","Target 7 Accuracy",,,,,,,,,,,,,,,,,,,,,,,,,,,,,,,,
1,"Participant 5","Consistant","Target 8 Accuracy",,,,,,,,,,,,,,,,,,,,,,,,,,,,,,,,
1,"Participant 5","Consistant","Target 9 Accuracy",,,,,,,,,,,,,,,,,,,,,,,,,,,,,,,,
1,"Participant 5","Consistant","Target 10 Accuracy",,,,,,,,,,,,,,,,,,,,,,,,,,,,,,,,
1,"Participant 5","Consistant","Target 11 Accuracy",,,,,,,,,,,,,,,,,,,,,,,,,,,,,,,,
1,"Participant 5","Consistant","Target 12 Accuracy",,,,,,,,,,,,,,,,,,,,,,,,,,,,,,,,
