1,"Participant 4","Consistant","Target 1 Raw Latency",1014,1872,2028,2340,1263,2106,1482,4181,1591,2106,2184,1357,2886,3682,1700,7270,1217,2277,1154,1357,1404,1342,2511,3681,1170,4025,1981,1357,1186,1170,2777,2637
1,"Participant 4","Consistant","Target 2 Raw Latency",780,2246,1544,2449,1295,3386,3760,1388,889,2043,1638,1107,1326,2075,5429,2231,1123,2309,3417,2044,1373,2106,3916,1263,1466,1123,1357,1420,1607,3385,1638,1747
1,"Participant 4","Consistant","Target 3 Raw Latency",1669,1342,1856,967,1482,2325,2496,1763,983,2122,1264,998,1404,9703,3588,2558,1264,1404,1763,2293,1388,1451,3479,1701,826,1326,1280,1716,1981,1482,1185,2948
1,"Participant 4","Consistant","Target 4 Raw Latency",1139,1560,1311,3510,1451,1716,3651,1389,905,1404,1544,1029,2465,1934,5085,1919,1170,2933,1342,1279,1092,4743,1482,1466,936,1311,1934,1638,1389,1623,2184,1716
1,"Participant 4","Consistant","Target 5 Raw Latency",1154,2246,1497,1373,1482,3401,1420,4851,921,2949,1310,1747,1544,3338,2434,1404,1248,1233,1560,967,1186,2543,3588,3775,1576,1185,1560,1295,4243,1264,1607,1358
1,"Participant 4","Consistant","Target 6 Raw Latency",1841,1544,2776,1638,2106,1825,2231,2761,1154,1466,1872,1420,1217,1670,3166,1451,921,1404,2246,2715,1201,1575,1731,1778,1201,1341,1045,1060,1607,1623,1372,2387
1,"Participant 4","Consistant","Target 7 Raw Latency",0,0,0,0,0,0,0,0,0,0,0,0,0,0,0,0,0,0,0,0,0,0,0,0,0,0,0,0,0,0,0,0
1,"Participant 4","Consistant","Target 8 Raw Latency",0,0,0,0,0,0,0,0,0,0,0,0,0,0,0,0,0,0,0,0,0,0,0,0,0,0,0,0,0,0,0,0
1,"Participant 4","Consistant","Target 9 Raw Latency",0,0,0,0,0,0,0,0,0,0,0,0,0,0,0,0,0,0,0,0,0,0,0,0,0,0,0,0,0,0,0,0
1,"Participant 4","Consistant","Target 10 Raw Latency",0,0,0,0,0,0,0,0,0,0,0,0,0,0,0,0,0,0,0,0,0,0,0,0,0,0,0,0,0,0,0,0
1,"Participant 4","Consistant","Target 11 Raw Latency",0,0,0,0,0,0,0,0,0,0,0,0,0,0,0,0,0,0,0,0,0,0,0,0,0,0,0,0,0,0,0,0
1,"Participant 4","Consistant","Target 12 Raw Latency",0,0,0,0,0,0,0,0,0,0,0,0,0,0,0,0,0,0,0,0,0,0,0,0,0,0,0,0,0,0,0,0
1,"Participant 4","Consistant","Target 1 Accuracy","Correct","Correct","Correct",,"Correct","Correct","Correct","Correct","Correct","Correct",,"Correct","Correct","Wrong","Wrong",,,"Wrong","Correct",,,"Correct","Wrong","Correct","Correct","Correct","Correct",,"Correct","Correct","Correct","Correct"
1,"Participant 4","Consistant","Target 2 Accuracy","Correct","Correct",,"Correct","Correct","Correct",,"Wrong","Correct",,,"Correct","Correct",,"Correct","Wrong","Correct",,,"Correct","Correct","Correct",,"Correct","Correct","Correct",,"Correct","Correct","Wrong",,"Correct"
1,"Participant 4","Consistant","Target 3 Accuracy",,,"Correct","Wrong","Correct",,"Correct","Correct","Correct","Correct","Wrong","Correct","Correct",,"Correct","Correct","Correct","Correct","Correct","Correct",,"Correct","Wrong","Correct",,,"Correct","Correct","Correct",,"Correct","Correct"
1,"Participant 4","Consistant","Target 4 Accuracy",,"Correct","Correct","Correct",,"Correct","Correct","Correct","Correct","Correct",,"Correct","Correct","Wrong","Correct",,"Correct","Correct",,"Correct","Correct","Correct","Correct",,,"Correct","Correct","Correct",,"Correct","Correct","Correct"
1,"Participant 4","Consistant","Target 5 Accuracy","Correct","Correct","Correct",,"Correct","Correct","Correct","Correct","Correct","Correct","Correct",,,"Correct","Correct","Correct",,"Correct","Correct",,"Correct","Correct","Correct","Correct","Correct","Correct","Correct",,"Correct","Correct","Correct","Correct"
1,"Participant 4","Consistant","Target 6 Accuracy","Correct","Correct",,"Correct","Correct","Correct","Correct",,,"Correct","Correct",,,"Correct","Correct","Correct","Correct","Correct",,"Wrong","Correct",,"Correct","Correct","Correct","Correct",,"Correct","Correct","Correct","Correct",
1,"Participant 4","Consistant","Target 7 Accuracy",,,,,,,,,,,,,,,,,,,,,,,,,,,,,,,,
1,"Participant 4","Consistant","Target 8 Accuracy",,,,,,,,,,,,,,,,,,,,,,,,,,,,,,,,
1,"Participant 4","Consistant","Target 9 Accuracy",,,,,,,,,,,,,,,,,,,,,,,,,,,,,,,,
1,"Participant 4","Consistant","Target 10 Accuracy",,,,,,,,,,,,,,,,,,,,,,,,,,,,,,,,
1,"Participant 4","Consistant","Target 11 Accuracy",,,,,,,,,,,,,,,,,,,,,,,,,,,,,,,,
1,"Participant 4","Consistant","Target 12 Accuracy",,,,,,,,,,,,,,,,,,,,,,,,,,,,,,,,
